PMID	QuerySet
33000412	pmid-ferroptosi-set.txt
34482088	pmid-ferroptosi-set.txt
31105042	pmid-ferroptosi-set.txt
33881539	pmid-ferroptosi-set.txt
35115492	pmid-ferroptosi-set.txt
33631189	pmid-ferroptosi-set.txt
32308771	pmid-ferroptosi-set.txt
32160546	pmid-ferroptosi-set.txt
34415804	pmid-ferroptosi-set.txt
34373736	pmid-ferroptosi-set.txt
33640304	pmid-ferroptosi-set.txt
34965379	pmid-ferroptosi-set.txt
35247637	pmid-ferroptosi-set.txt
30799221	pmid-ferroptosi-set.txt
32699265	pmid-ferroptosi-set.txt
35154576	pmid-ferroptosi-set.txt
34627266	pmid-ferroptosi-set.txt
33741422	pmid-ferroptosi-set.txt
33483372	pmid-ferroptosi-set.txt
34482070	pmid-ferroptosi-set.txt
33915157	pmid-ferroptosi-set.txt
36109814	pmid-ferroptosi-set.txt
34170581	pmid-ferroptosi-set.txt
36210735	pmid-ferroptosi-set.txt
32928919	pmid-ferroptosi-set.txt
31244955	pmid-ferroptosi-set.txt
34593794	pmid-ferroptosi-set.txt
35351131	pmid-ferroptosi-set.txt
34983546	pmid-ferroptosi-set.txt
34027953	pmid-ferroptosi-set.txt
34648917	pmid-ferroptosi-set.txt
34938072	pmid-ferroptosi-set.txt
33113504	pmid-ferroptosi-set.txt
32835374	pmid-ferroptosi-set.txt
33019767	pmid-ferroptosi-set.txt
35855531	pmid-ferroptosi-set.txt
34643088	pmid-ferroptosi-set.txt
35177209	pmid-ferroptosi-set.txt
34831207	pmid-ferroptosi-set.txt
33634378	pmid-ferroptosi-set.txt
34898184	pmid-ferroptosi-set.txt
34262021	pmid-ferroptosi-set.txt
33554661	pmid-ferroptosi-set.txt
35077153	pmid-ferroptosi-set.txt
32155051	pmid-ferroptosi-set.txt
32814169	pmid-ferroptosi-set.txt
35562364	pmid-ferroptosi-set.txt
34229160	pmid-ferroptosi-set.txt
34160772	pmid-ferroptosi-set.txt
34924133	pmid-ferroptosi-set.txt
36055597	pmid-ferroptosi-set.txt
32685019	pmid-ferroptosi-set.txt
34928015	pmid-ferroptosi-set.txt
32231343	pmid-ferroptosi-set.txt
33197601	pmid-ferroptosi-set.txt
33824419	pmid-ferroptosi-set.txt
35867762	pmid-ferroptosi-set.txt
37023938	pmid-ferroptosi-set.txt
34944434	pmid-ferroptosi-set.txt
32077821	pmid-ferroptosi-set.txt
34673014	pmid-ferroptosi-set.txt
34238297	pmid-ferroptosi-set.txt
34549863	pmid-ferroptosi-set.txt
34473493	pmid-ferroptosi-set.txt
35122867	pmid-ferroptosi-set.txt
37607944	pmid-ferroptosi-set.txt
34630843	pmid-ferroptosi-set.txt
37306000	pmid-ferroptosi-set.txt
33176157	pmid-ferroptosi-set.txt
34350694	pmid-ferroptosi-set.txt
32958404	pmid-ferroptosi-set.txt
37462439	pmid-ferroptosi-set.txt
31613630	pmid-ferroptosi-set.txt
34962017	pmid-ferroptosi-set.txt
33566577	pmid-ferroptosi-set.txt
34791597	pmid-ferroptosi-set.txt
36228518	pmid-ferroptosi-set.txt
33121683	pmid-ferroptosi-set.txt
31769461	pmid-ferroptosi-set.txt
33878610	pmid-ferroptosi-set.txt
34523352	pmid-ferroptosi-set.txt
34585181	pmid-ferroptosi-set.txt
33649848	pmid-ferroptosi-set.txt
37060026	pmid-ferroptosi-set.txt
32816618	pmid-ferroptosi-set.txt
30677556	pmid-ferroptosi-set.txt
37178565	pmid-ferroptosi-set.txt
37245288	pmid-ferroptosi-set.txt
33624647	pmid-ferroptosi-set.txt
35953837	pmid-ferroptosi-set.txt
37505141	pmid-ferroptosi-set.txt
35173188	pmid-ferroptosi-set.txt
33675785	pmid-ferroptosi-set.txt
36653312	pmid-ferroptosi-set.txt
35532958	pmid-ferroptosi-set.txt
37220842	pmid-ferroptosi-set.txt
30616348	pmid-ferroptosi-set.txt
37144959	pmid-ferroptosi-set.txt
35705143	pmid-ferroptosi-set.txt
31409375	pmid-ferroptosi-set.txt
36960609	pmid-ferroptosi-set.txt
37070469	pmid-ferroptosi-set.txt
30635474	pmid-ferroptosi-set.txt
31907052	pmid-ferroptosi-set.txt
34110146	pmid-ferroptosi-set.txt
36693788	pmid-ferroptosi-set.txt
31594301	pmid-ferroptosi-set.txt
33615565	pmid-ferroptosi-set.txt
34699654	pmid-ferroptosi-set.txt
32957040	pmid-ferroptosi-set.txt
33318476	pmid-ferroptosi-set.txt
32686685	pmid-ferroptosi-set.txt
36607799	pmid-ferroptosi-set.txt
34672122	pmid-ferroptosi-set.txt
32884256	pmid-ferroptosi-set.txt
36375351	pmid-ferroptosi-set.txt
34646381	pmid-ferroptosi-set.txt
31678528	
22113996	('CASP3', 'FXN', 'iron/metabolism')
9949201	('CASP3', 'FXN', 'iron/metabolism')
31682397	('TFRC', 'iron overload/drug therapy', 'iron/metabolism')
4300601	('depression chemical', 'drug synergism', 'energy metabolism/drug effects')
5681459	('depression chemical', 'drug synergism', 'energy metabolism/drug effects')
4400160	('depression chemical', 'drug synergism', 'energy metabolism/drug effects')
5682849	('depression chemical', 'drug synergism', 'energy metabolism/drug effects')
5805287	('depression chemical', 'drug synergism', 'energy metabolism/drug effects')
2086453	('depression chemical', 'drug synergism', 'energy metabolism/drug effects')
4312199	('depression chemical', 'drug synergism', 'energy metabolism/drug effects')
5025697	('depression chemical', 'drug synergism', 'energy metabolism/drug effects')
6418158	('depression chemical', 'drug synergism', 'energy metabolism/drug effects')
5412065	('depression chemical', 'drug synergism', 'energy metabolism/drug effects')
5487859	('depression chemical', 'drug synergism', 'energy metabolism/drug effects')
5713589	('depression chemical', 'drug synergism', 'energy metabolism/drug effects')
12021212	('depression chemical', 'drug synergism', 'energy metabolism/drug effects')
5403609	('depression chemical', 'drug synergism', 'energy metabolism/drug effects')
20000005	('depression chemical', 'drug synergism', 'energy metabolism/drug effects')
7749930	('depression chemical', 'drug synergism', 'energy metabolism/drug effects')
4370669	('depression chemical', 'drug synergism', 'energy metabolism/drug effects')
4244467	('depression chemical', 'drug synergism', 'energy metabolism/drug effects')
5462572	('depression chemical', 'drug synergism', 'energy metabolism/drug effects')
4245638	('depression chemical', 'drug synergism', 'energy metabolism/drug effects')
4353667	('depression chemical', 'drug synergism', 'energy metabolism/drug effects')
4415542	('depression chemical', 'drug synergism', 'energy metabolism/drug effects')
5377600	('depression chemical', 'drug synergism', 'energy metabolism/drug effects')
5762968	('depression chemical', 'drug synergism', 'energy metabolism/drug effects')
5795469	('depression chemical', 'drug synergism', 'energy metabolism/drug effects')
37440013	('RPE', 'aging/genetics', 'oxidative stress')
19559717	('RPE', 'aging/genetics', 'oxidative stress')
26392743	('RPE', 'aging/genetics', 'oxidative stress')
28088625	('RPE', 'aging/genetics', 'oxidative stress')
26990160	('RPE', 'aging/genetics', 'oxidative stress')
33233417	('RPE', 'aging/genetics', 'oxidative stress')
30741049	('breast neoplasms/drug therapy', 'cell membrane', 'tumor microenvironment')
37161583	('breast neoplasms/drug therapy', 'cell membrane', 'tumor microenvironment')
35165418	('breast neoplasms/drug therapy', 'cell membrane', 'tumor microenvironment')
28543431	('breast neoplasms/drug therapy', 'cell membrane', 'tumor microenvironment')
27228477	('breast neoplasms/drug therapy', 'cell membrane', 'tumor microenvironment')
29473753	('breast neoplasms/drug therapy', 'cell membrane', 'tumor microenvironment')
33493685	('breast neoplasms/drug therapy', 'cell membrane', 'tumor microenvironment')
36482512	('breast neoplasms/drug therapy', 'cell membrane', 'tumor microenvironment')
22505651	('breast neoplasms/drug therapy', 'cell membrane', 'tumor microenvironment')
27556694	('breast neoplasms/drug therapy', 'cell membrane', 'tumor microenvironment')
32726482	('b7-h1 antigen/metabolism', 'hep g2 cells', 'liver neoplasms/drug therapy')
32761300	('b7-h1 antigen/metabolism', 'hep g2 cells', 'liver neoplasms/drug therapy')
32748749	('b7-h1 antigen/metabolism', 'hep g2 cells', 'liver neoplasms/drug therapy')
24185179	('cell differentiation', 'neoplastic stem cells/drug effects', 'reactive oxygen species/metabolism')
29066898	('cell differentiation', 'neoplastic stem cells/drug effects', 'reactive oxygen species/metabolism')
26707081	('cell differentiation', 'neoplastic stem cells/drug effects', 'reactive oxygen species/metabolism')
24736663	('cell differentiation', 'neoplastic stem cells/drug effects', 'reactive oxygen species/metabolism')
26472041	('cell differentiation', 'neoplastic stem cells/drug effects', 'reactive oxygen species/metabolism')
9645394	('cell differentiation', 'neoplastic stem cells/drug effects', 'reactive oxygen species/metabolism')
18987612	('cell differentiation', 'neoplastic stem cells/drug effects', 'reactive oxygen species/metabolism')
32041983	('cell differentiation', 'neoplastic stem cells/drug effects', 'reactive oxygen species/metabolism')
28564604	('cell differentiation', 'neoplastic stem cells/drug effects', 'reactive oxygen species/metabolism')
29431006	('cell differentiation', 'neoplastic stem cells/drug effects', 'reactive oxygen species/metabolism')
12960351	('antibodies monoclonal/metabolism', 'antigens/metabolism', 'cell membrane/drug effects')
7576930	('antibodies monoclonal/metabolism', 'antigens/metabolism', 'cell membrane/drug effects')
24099423	('antibodies monoclonal/metabolism', 'antigens/metabolism', 'cell membrane/drug effects')
31302791	('antibodies monoclonal/metabolism', 'antigens/metabolism', 'cell membrane/drug effects')
24492297	('antibodies monoclonal/metabolism', 'antigens/metabolism', 'cell membrane/drug effects')
31129115	('antibodies monoclonal/metabolism', 'antigens/metabolism', 'cell membrane/drug effects')
31171598	('antibodies monoclonal/metabolism', 'antigens/metabolism', 'cell membrane/drug effects')
30510281	('antibodies monoclonal/metabolism', 'antigens/metabolism', 'cell membrane/drug effects')
35535969	('CA2', 'hydrogen peroxide/pharmacology', 'photosensitizing agents')
18814910	('CA2', 'hydrogen peroxide/pharmacology', 'photosensitizing agents')
31796433	('drug resistance neoplasm/drug effects', 'pyroptosis/drug effects', 'skin neoplasms/drug therapy')
22562073	('cell proliferation/drug effects', 'cisplatin/pharmacology', 'membrane potential mitochondrial/drug effects')
26124336	('cell proliferation/drug effects', 'cisplatin/pharmacology', 'membrane potential mitochondrial/drug effects')
32555811	('cell proliferation/drug effects', 'cisplatin/pharmacology', 'membrane potential mitochondrial/drug effects')
21132264	('cell proliferation/drug effects', 'cisplatin/pharmacology', 'membrane potential mitochondrial/drug effects')
27171670	('cell proliferation/drug effects', 'cisplatin/pharmacology', 'membrane potential mitochondrial/drug effects')
32862611	('cell proliferation/drug effects', 'cisplatin/pharmacology', 'membrane potential mitochondrial/drug effects')
23354303	('cell proliferation/drug effects', 'cisplatin/pharmacology', 'membrane potential mitochondrial/drug effects')
22071088	('cell proliferation/drug effects', 'cisplatin/pharmacology', 'membrane potential mitochondrial/drug effects')
22266706	('cell proliferation/drug effects', 'cisplatin/pharmacology', 'membrane potential mitochondrial/drug effects')
33716044	('cell proliferation/drug effects', 'cisplatin/pharmacology', 'membrane potential mitochondrial/drug effects')
32295347	('cell proliferation/drug effects', 'cisplatin/pharmacology', 'membrane potential mitochondrial/drug effects')
31562979	('cell proliferation/drug effects', 'cisplatin/pharmacology', 'membrane potential mitochondrial/drug effects')
28423543	('cell proliferation/drug effects', 'cisplatin/pharmacology', 'membrane potential mitochondrial/drug effects')
28078787	('cell proliferation/drug effects', 'cisplatin/pharmacology', 'membrane potential mitochondrial/drug effects')
22847181	('cell proliferation/drug effects', 'cisplatin/pharmacology', 'membrane potential mitochondrial/drug effects')
29956797	('cell proliferation/drug effects', 'cisplatin/pharmacology', 'membrane potential mitochondrial/drug effects')
28771580	('cell proliferation/drug effects', 'cisplatin/pharmacology', 'membrane potential mitochondrial/drug effects')
28765155	('cell proliferation/drug effects', 'cisplatin/pharmacology', 'membrane potential mitochondrial/drug effects')
24627125	('cell proliferation/drug effects', 'cisplatin/pharmacology', 'membrane potential mitochondrial/drug effects')
31176737	('cell proliferation/drug effects', 'cisplatin/pharmacology', 'membrane potential mitochondrial/drug effects')
27429587	('cell proliferation/drug effects', 'cisplatin/pharmacology', 'membrane potential mitochondrial/drug effects')
21333438	('cell proliferation/drug effects', 'cisplatin/pharmacology', 'membrane potential mitochondrial/drug effects')
30362587	('cell proliferation/drug effects', 'cisplatin/pharmacology', 'membrane potential mitochondrial/drug effects')
31978092	('cell proliferation/drug effects', 'cisplatin/pharmacology', 'membrane potential mitochondrial/drug effects')
24041618	('cell proliferation/drug effects', 'cisplatin/pharmacology', 'membrane potential mitochondrial/drug effects')
29223531	('cell proliferation/drug effects', 'cisplatin/pharmacology', 'membrane potential mitochondrial/drug effects')
21708241	('cell proliferation/drug effects', 'cisplatin/pharmacology', 'membrane potential mitochondrial/drug effects')
22858865	('cell proliferation/drug effects', 'cisplatin/pharmacology', 'membrane potential mitochondrial/drug effects')
30556847	('cell proliferation/drug effects', 'cisplatin/pharmacology', 'membrane potential mitochondrial/drug effects')
25816175	('cell proliferation/drug effects', 'cisplatin/pharmacology', 'membrane potential mitochondrial/drug effects')
30601545	('cell proliferation/drug effects', 'cisplatin/pharmacology', 'membrane potential mitochondrial/drug effects')
25099621	('cell proliferation/drug effects', 'cisplatin/pharmacology', 'membrane potential mitochondrial/drug effects')
16613674	('cell proliferation/drug effects', 'cisplatin/pharmacology', 'membrane potential mitochondrial/drug effects')
29286126	('cell proliferation/drug effects', 'cisplatin/pharmacology', 'membrane potential mitochondrial/drug effects')
28466152	('cell proliferation/drug effects', 'cisplatin/pharmacology', 'membrane potential mitochondrial/drug effects')
22402764	('cell proliferation/drug effects', 'cisplatin/pharmacology', 'membrane potential mitochondrial/drug effects')
19834646	('cell proliferation/drug effects', 'cisplatin/pharmacology', 'membrane potential mitochondrial/drug effects')
26404253	('cell proliferation/drug effects', 'cisplatin/pharmacology', 'membrane potential mitochondrial/drug effects')
31113439	('cell proliferation/drug effects', 'cisplatin/pharmacology', 'membrane potential mitochondrial/drug effects')
27888799	('cell proliferation/drug effects', 'cisplatin/pharmacology', 'membrane potential mitochondrial/drug effects')
32248002	('cell proliferation/drug effects', 'cisplatin/pharmacology', 'membrane potential mitochondrial/drug effects')
28698547	('cell proliferation/drug effects', 'cisplatin/pharmacology', 'membrane potential mitochondrial/drug effects')
27083311	('cell proliferation/drug effects', 'cisplatin/pharmacology', 'membrane potential mitochondrial/drug effects')
24599717	('cell proliferation/drug effects', 'cisplatin/pharmacology', 'membrane potential mitochondrial/drug effects')
32716436	('cell proliferation/drug effects', 'cisplatin/pharmacology', 'membrane potential mitochondrial/drug effects')
26247588	('cell proliferation/drug effects', 'cisplatin/pharmacology', 'membrane potential mitochondrial/drug effects')
30320337	('cell proliferation/drug effects', 'cisplatin/pharmacology', 'membrane potential mitochondrial/drug effects')
35092496	('cell proliferation/drug effects', 'cisplatin/pharmacology', 'membrane potential mitochondrial/drug effects')
24495391	('cell proliferation/drug effects', 'cisplatin/pharmacology', 'membrane potential mitochondrial/drug effects')
31307409	('cell proliferation/drug effects', 'cisplatin/pharmacology', 'membrane potential mitochondrial/drug effects')
19820395	('cell proliferation/drug effects', 'cisplatin/pharmacology', 'membrane potential mitochondrial/drug effects')
23142250	('cell proliferation/drug effects', 'cisplatin/pharmacology', 'membrane potential mitochondrial/drug effects')
26486083	('cell proliferation/drug effects', 'cisplatin/pharmacology', 'membrane potential mitochondrial/drug effects')
28069382	('cell proliferation/drug effects', 'cisplatin/pharmacology', 'membrane potential mitochondrial/drug effects')
22406827	('cell proliferation/drug effects', 'cisplatin/pharmacology', 'membrane potential mitochondrial/drug effects')
32630700	('cell proliferation/drug effects', 'cisplatin/pharmacology', 'membrane potential mitochondrial/drug effects')
30788913	('cell proliferation/drug effects', 'cisplatin/pharmacology', 'membrane potential mitochondrial/drug effects')
32947930	('cell proliferation/drug effects', 'cisplatin/pharmacology', 'membrane potential mitochondrial/drug effects')
36343761	('hypoxia/drug therapy', 'oxygen', 'photosensitizing agents/therapeutic use')
36153957	('hypoxia/drug therapy', 'oxygen', 'photosensitizing agents/therapeutic use')
34254513	('hypoxia/drug therapy', 'oxygen', 'photosensitizing agents/therapeutic use')
34391019	('hypoxia/drug therapy', 'oxygen', 'photosensitizing agents/therapeutic use')
33605733	('hypoxia/drug therapy', 'oxygen', 'photosensitizing agents/therapeutic use')
33932703	('hypoxia/drug therapy', 'oxygen', 'photosensitizing agents/therapeutic use')
36597125	('hypoxia/drug therapy', 'oxygen', 'photosensitizing agents/therapeutic use')
37343132	('hypoxia/drug therapy', 'oxygen', 'photosensitizing agents/therapeutic use')
36623354	('hypoxia/drug therapy', 'oxygen', 'photosensitizing agents/therapeutic use')
29795534	('hypoxia/drug therapy', 'oxygen', 'photosensitizing agents/therapeutic use')
28737393	('hypoxia/drug therapy', 'oxygen', 'photosensitizing agents/therapeutic use')
35686947	('hypoxia/drug therapy', 'oxygen', 'photosensitizing agents/therapeutic use')
34532978	('hypoxia/drug therapy', 'oxygen', 'photosensitizing agents/therapeutic use')
29466856	('hypoxia/drug therapy', 'oxygen', 'photosensitizing agents/therapeutic use')
33605723	('hypoxia/drug therapy', 'oxygen', 'photosensitizing agents/therapeutic use')
29461122	('hypoxia/drug therapy', 'oxygen', 'photosensitizing agents/therapeutic use')
33383301	('hypoxia/drug therapy', 'oxygen', 'photosensitizing agents/therapeutic use')
36680943	('hypoxia/drug therapy', 'oxygen', 'photosensitizing agents/therapeutic use')
33310039	('IL1B', 'IL6', 'cisplatin/pharmacology')
23749899	('IL1B', 'IL6', 'cisplatin/pharmacology')
29051087	('IL1B', 'IL6', 'cisplatin/pharmacology')
36263529	('IL1B', 'IL6', 'cisplatin/pharmacology')
35533545	('IL1B', 'IL6', 'cisplatin/pharmacology')
10479405	('IL1B', 'IL6', 'cisplatin/pharmacology')
28258441	('IL1B', 'IL6', 'cisplatin/pharmacology')
33096924	('IL1B', 'IL6', 'cisplatin/pharmacology')
32767013	('IL1B', 'IL6', 'cisplatin/pharmacology')
24950782	('IL1B', 'IL6', 'cisplatin/pharmacology')
34468509	('IL1B', 'IL6', 'cisplatin/pharmacology')
17400889	('IL1B', 'IL6', 'cisplatin/pharmacology')
29752894	('IL1B', 'IL6', 'cisplatin/pharmacology')
30206656	('IL1B', 'IL6', 'cisplatin/pharmacology')
29441891	('IL1B', 'IL6', 'cisplatin/pharmacology')
35355438	('IL1B', 'IL6', 'cisplatin/pharmacology')
17516123	('IL1B', 'IL6', 'cisplatin/pharmacology')
36293111	('IL1B', 'IL6', 'cisplatin/pharmacology')
27273121	('IL1B', 'IL6', 'cisplatin/pharmacology')
18248879	('IL1B', 'IL6', 'cisplatin/pharmacology')
29587238	('IL1B', 'IL6', 'cisplatin/pharmacology')
34569348	('IL1B', 'IL6', 'cisplatin/pharmacology')
19666099	('IL1B', 'IL6', 'cisplatin/pharmacology')
8275438	('IL1B', 'IL6', 'cisplatin/pharmacology')
36770968	('IL1B', 'IL6', 'cisplatin/pharmacology')
36769271	('IL1B', 'IL6', 'cisplatin/pharmacology')
29115386	('IL1B', 'IL6', 'cisplatin/pharmacology')
36431915	('IL1B', 'IL6', 'cisplatin/pharmacology')
31165450	('IL1B', 'IL6', 'cisplatin/pharmacology')
24796665	('IL1B', 'IL6', 'cisplatin/pharmacology')
10746553	('IL1B', 'IL6', 'cisplatin/pharmacology')
33727094	('IL1B', 'IL6', 'cisplatin/pharmacology')
27745982	('IL1B', 'IL6', 'cisplatin/pharmacology')
37523981	('IL1B', 'IL6', 'cisplatin/pharmacology')
14734475	('IL1B', 'IL6', 'cisplatin/pharmacology')
33646995	('NFE2L2', 'nf-e2-related factor 2/genetics', 'oxidative stress/drug effects')
31537067	('NFE2L2', 'nf-e2-related factor 2/genetics', 'oxidative stress/drug effects')
26646455	('NFE2L2', 'nf-e2-related factor 2/genetics', 'oxidative stress/drug effects')
25260249	('NFE2L2', 'nf-e2-related factor 2/genetics', 'oxidative stress/drug effects')
24036144	('NFE2L2', 'nf-e2-related factor 2/genetics', 'oxidative stress/drug effects')
21266531	('NFE2L2', 'nf-e2-related factor 2/genetics', 'oxidative stress/drug effects')
24466583	('NFE2L2', 'nf-e2-related factor 2/genetics', 'oxidative stress/drug effects')
32535387	('NFE2L2', 'nf-e2-related factor 2/genetics', 'oxidative stress/drug effects')
29906314	('NFE2L2', 'nf-e2-related factor 2/genetics', 'oxidative stress/drug effects')
25510733	('NFE2L2', 'nf-e2-related factor 2/genetics', 'oxidative stress/drug effects')
28870684	('NFE2L2', 'nf-e2-related factor 2/genetics', 'oxidative stress/drug effects')
32374939	('NFE2L2', 'nf-e2-related factor 2/genetics', 'oxidative stress/drug effects')
31900786	('NFE2L2', 'nf-e2-related factor 2/genetics', 'oxidative stress/drug effects')
31096703	('NFE2L2', 'nf-e2-related factor 2/genetics', 'oxidative stress/drug effects')
31717470	('NFE2L2', 'nf-e2-related factor 2/genetics', 'oxidative stress/drug effects')
23064900	('NFE2L2', 'nf-e2-related factor 2/genetics', 'oxidative stress/drug effects')
33155602	('NFE2L2', 'nf-e2-related factor 2/genetics', 'oxidative stress/drug effects')
30907059	('NFE2L2', 'nf-e2-related factor 2/genetics', 'oxidative stress/drug effects')
34999176	('NFE2L2', 'nf-e2-related factor 2/genetics', 'oxidative stress/drug effects')
22528760	('NFE2L2', 'nf-e2-related factor 2/genetics', 'oxidative stress/drug effects')
23277146	('NFE2L2', 'nf-e2-related factor 2/genetics', 'oxidative stress/drug effects')
26456483	('NFE2L2', 'nf-e2-related factor 2/genetics', 'oxidative stress/drug effects')
25979858	('NFE2L2', 'nf-e2-related factor 2/genetics', 'oxidative stress/drug effects')
26339453	('NFE2L2', 'nf-e2-related factor 2/genetics', 'oxidative stress/drug effects')
28457936	('NFE2L2', 'nf-e2-related factor 2/genetics', 'oxidative stress/drug effects')
32946513	('NFE2L2', 'nf-e2-related factor 2/genetics', 'oxidative stress/drug effects')
22039262	('NFE2L2', 'nf-e2-related factor 2/genetics', 'oxidative stress/drug effects')
25037998	('NFE2L2', 'nf-e2-related factor 2/genetics', 'oxidative stress/drug effects')
30760647	('NFE2L2', 'nf-e2-related factor 2/genetics', 'oxidative stress/drug effects')
23174956	('NFE2L2', 'nf-e2-related factor 2/genetics', 'oxidative stress/drug effects')
31814398	('NFE2L2', 'nf-e2-related factor 2/genetics', 'oxidative stress/drug effects')
30725250	('NFE2L2', 'nf-e2-related factor 2/genetics', 'oxidative stress/drug effects')
25851054	('NFE2L2', 'nf-e2-related factor 2/genetics', 'oxidative stress/drug effects')
33143349	('NFE2L2', 'nf-e2-related factor 2/genetics', 'oxidative stress/drug effects')
29039497	('NFE2L2', 'nf-e2-related factor 2/genetics', 'oxidative stress/drug effects')
28188924	('NFE2L2', 'nf-e2-related factor 2/genetics', 'oxidative stress/drug effects')
32138578	('NFE2L2', 'nf-e2-related factor 2/genetics', 'oxidative stress/drug effects')
30951611	('NFE2L2', 'nf-e2-related factor 2/genetics', 'oxidative stress/drug effects')
33299528	('NFE2L2', 'nf-e2-related factor 2/genetics', 'oxidative stress/drug effects')
29903320	('NFE2L2', 'nf-e2-related factor 2/genetics', 'oxidative stress/drug effects')
24810171	('NFE2L2', 'nf-e2-related factor 2/genetics', 'oxidative stress/drug effects')
31234591	('NFE2L2', 'nf-e2-related factor 2/genetics', 'oxidative stress/drug effects')
28373900	('NFE2L2', 'nf-e2-related factor 2/genetics', 'oxidative stress/drug effects')
24170703	('NFE2L2', 'nf-e2-related factor 2/genetics', 'oxidative stress/drug effects')
27102619	('NFE2L2', 'nf-e2-related factor 2/genetics', 'oxidative stress/drug effects')
34674139	('NFE2L2', 'nf-e2-related factor 2/genetics', 'oxidative stress/drug effects')
28790194	('NFE2L2', 'nf-e2-related factor 2/genetics', 'oxidative stress/drug effects')
30569096	('NFE2L2', 'nf-e2-related factor 2/genetics', 'oxidative stress/drug effects')
31461273	('NFE2L2', 'nf-e2-related factor 2/genetics', 'oxidative stress/drug effects')
33293260	('NFE2L2', 'nf-e2-related factor 2/genetics', 'oxidative stress/drug effects')
29573798	('NFE2L2', 'nf-e2-related factor 2/genetics', 'oxidative stress/drug effects')
29068550	('NFE2L2', 'nf-e2-related factor 2/genetics', 'oxidative stress/drug effects')
30171947	('NFE2L2', 'nf-e2-related factor 2/genetics', 'oxidative stress/drug effects')
28844481	('NFE2L2', 'nf-e2-related factor 2/genetics', 'oxidative stress/drug effects')
26915483	('NFE2L2', 'nf-e2-related factor 2/genetics', 'oxidative stress/drug effects')
24363998	('NFE2L2', 'nf-e2-related factor 2/genetics', 'oxidative stress/drug effects')
30719664	('NFE2L2', 'nf-e2-related factor 2/genetics', 'oxidative stress/drug effects')
30391672	('NFE2L2', 'nf-e2-related factor 2/genetics', 'oxidative stress/drug effects')
24030461	('NFE2L2', 'nf-e2-related factor 2/genetics', 'oxidative stress/drug effects')
31989756	('NFE2L2', 'nf-e2-related factor 2/genetics', 'oxidative stress/drug effects')
29675963	('NFE2L2', 'nf-e2-related factor 2/genetics', 'oxidative stress/drug effects')
30447218	('NFE2L2', 'nf-e2-related factor 2/genetics', 'oxidative stress/drug effects')
18759561	('NFE2L2', 'nf-e2-related factor 2/genetics', 'oxidative stress/drug effects')
28624471	('NFE2L2', 'nf-e2-related factor 2/genetics', 'oxidative stress/drug effects')
30030101	('NFE2L2', 'nf-e2-related factor 2/genetics', 'oxidative stress/drug effects')
31995979	('NFE2L2', 'nf-e2-related factor 2/genetics', 'oxidative stress/drug effects')
33268705	('NFE2L2', 'nf-e2-related factor 2/genetics', 'oxidative stress/drug effects')
28250190	('NFE2L2', 'nf-e2-related factor 2/genetics', 'oxidative stress/drug effects')
33050005	('NFE2L2', 'nf-e2-related factor 2/genetics', 'oxidative stress/drug effects')
27021784	('NFE2L2', 'nf-e2-related factor 2/genetics', 'oxidative stress/drug effects')
29273684	('NFE2L2', 'nf-e2-related factor 2/genetics', 'oxidative stress/drug effects')
32660364	('NFE2L2', 'nf-e2-related factor 2/genetics', 'oxidative stress/drug effects')
28501692	('NFE2L2', 'nf-e2-related factor 2/genetics', 'oxidative stress/drug effects')
28145852	('NFE2L2', 'nf-e2-related factor 2/genetics', 'oxidative stress/drug effects')
26576227	('NFE2L2', 'nf-e2-related factor 2/genetics', 'oxidative stress/drug effects')
27539524	('NFE2L2', 'nf-e2-related factor 2/genetics', 'oxidative stress/drug effects')
28414158	('NFE2L2', 'nf-e2-related factor 2/genetics', 'oxidative stress/drug effects')
26476055	('NFE2L2', 'nf-e2-related factor 2/genetics', 'oxidative stress/drug effects')
27530093	('NFE2L2', 'nf-e2-related factor 2/genetics', 'oxidative stress/drug effects')
34678578	('NFE2L2', 'nf-e2-related factor 2/genetics', 'oxidative stress/drug effects')
32023790	('NFE2L2', 'nf-e2-related factor 2/genetics', 'oxidative stress/drug effects')
32512011	('NFE2L2', 'nf-e2-related factor 2/genetics', 'oxidative stress/drug effects')
22033923	('NFE2L2', 'nf-e2-related factor 2/genetics', 'oxidative stress/drug effects')
29958143	('NFE2L2', 'nf-e2-related factor 2/genetics', 'oxidative stress/drug effects')
25885653	('NFE2L2', 'nf-e2-related factor 2/genetics', 'oxidative stress/drug effects')
32811823	('NFE2L2', 'nf-e2-related factor 2/genetics', 'oxidative stress/drug effects')
25452227	('NFE2L2', 'nf-e2-related factor 2/genetics', 'oxidative stress/drug effects')
29351226	('NFE2L2', 'nf-e2-related factor 2/genetics', 'oxidative stress/drug effects')
25966753	('NFE2L2', 'nf-e2-related factor 2/genetics', 'oxidative stress/drug effects')
32999020	('NFE2L2', 'nf-e2-related factor 2/genetics', 'oxidative stress/drug effects')
35030972	('NFE2L2', 'nf-e2-related factor 2/genetics', 'oxidative stress/drug effects')
25815690	('NFE2L2', 'nf-e2-related factor 2/genetics', 'oxidative stress/drug effects')
20200220	('NFE2L2', 'nf-e2-related factor 2/genetics', 'oxidative stress/drug effects')
30553970	('NFE2L2', 'nf-e2-related factor 2/genetics', 'oxidative stress/drug effects')
23872425	('NFE2L2', 'nf-e2-related factor 2/genetics', 'oxidative stress/drug effects')
26090715	('NFE2L2', 'nf-e2-related factor 2/genetics', 'oxidative stress/drug effects')
30105650	('NFE2L2', 'nf-e2-related factor 2/genetics', 'oxidative stress/drug effects')
24187848	('NFE2L2', 'nf-e2-related factor 2/genetics', 'oxidative stress/drug effects')
27077810	('NFE2L2', 'nf-e2-related factor 2/genetics', 'oxidative stress/drug effects')
26849944	('NFE2L2', 'nf-e2-related factor 2/genetics', 'oxidative stress/drug effects')
32655764	('NFE2L2', 'nf-e2-related factor 2/genetics', 'oxidative stress/drug effects')
29871486	('NFE2L2', 'nf-e2-related factor 2/genetics', 'oxidative stress/drug effects')
32352466	('NFE2L2', 'nf-e2-related factor 2/genetics', 'oxidative stress/drug effects')
30753491	('NFE2L2', 'nf-e2-related factor 2/genetics', 'oxidative stress/drug effects')
30957185	('NFE2L2', 'nf-e2-related factor 2/genetics', 'oxidative stress/drug effects')
28110191	('NFE2L2', 'nf-e2-related factor 2/genetics', 'oxidative stress/drug effects')
32019168	('NFE2L2', 'nf-e2-related factor 2/genetics', 'oxidative stress/drug effects')
21464939	('NFE2L2', 'nf-e2-related factor 2/genetics', 'oxidative stress/drug effects')
33515348	('NFE2L2', 'nf-e2-related factor 2/genetics', 'oxidative stress/drug effects')
26341692	('NFE2L2', 'nf-e2-related factor 2/genetics', 'oxidative stress/drug effects')
28733231	('NFE2L2', 'nf-e2-related factor 2/genetics', 'oxidative stress/drug effects')
28522335	('NFE2L2', 'nf-e2-related factor 2/genetics', 'oxidative stress/drug effects')
26537816	('NFE2L2', 'nf-e2-related factor 2/genetics', 'oxidative stress/drug effects')
25978654	('NFE2L2', 'nf-e2-related factor 2/genetics', 'oxidative stress/drug effects')
23023193	('NFE2L2', 'nf-e2-related factor 2/genetics', 'oxidative stress/drug effects')
30977402	('NFE2L2', 'nf-e2-related factor 2/genetics', 'oxidative stress/drug effects')
34626932	('NFE2L2', 'nf-e2-related factor 2/genetics', 'oxidative stress/drug effects')
29094331	('NFE2L2', 'nf-e2-related factor 2/genetics', 'oxidative stress/drug effects')
28648817	('NFE2L2', 'nf-e2-related factor 2/genetics', 'oxidative stress/drug effects')
28753232	('NFE2L2', 'nf-e2-related factor 2/genetics', 'oxidative stress/drug effects')
21328587	('NFE2L2', 'nf-e2-related factor 2/genetics', 'oxidative stress/drug effects')
32589370	('NFE2L2', 'nf-e2-related factor 2/genetics', 'oxidative stress/drug effects')
22493042	('NFE2L2', 'nf-e2-related factor 2/genetics', 'oxidative stress/drug effects')
28539530	('NFE2L2', 'nf-e2-related factor 2/genetics', 'oxidative stress/drug effects')
33706097	('NFE2L2', 'nf-e2-related factor 2/genetics', 'oxidative stress/drug effects')
32857080	('NFE2L2', 'nf-e2-related factor 2/genetics', 'oxidative stress/drug effects')
32167099	('NFE2L2', 'nf-e2-related factor 2/genetics', 'oxidative stress/drug effects')
27006451	('NFE2L2', 'nf-e2-related factor 2/genetics', 'oxidative stress/drug effects')
26801320	('NFE2L2', 'nf-e2-related factor 2/genetics', 'oxidative stress/drug effects')
30360616	('NFE2L2', 'nf-e2-related factor 2/genetics', 'oxidative stress/drug effects')
27614618	('NFE2L2', 'nf-e2-related factor 2/genetics', 'oxidative stress/drug effects')
30071128	('NFE2L2', 'nf-e2-related factor 2/genetics', 'oxidative stress/drug effects')
32895018	('NFE2L2', 'nf-e2-related factor 2/genetics', 'oxidative stress/drug effects')
27554596	('NFE2L2', 'nf-e2-related factor 2/genetics', 'oxidative stress/drug effects')
26648289	('NFE2L2', 'nf-e2-related factor 2/genetics', 'oxidative stress/drug effects')
26313892	('NFE2L2', 'nf-e2-related factor 2/genetics', 'oxidative stress/drug effects')
23623946	('NFE2L2', 'nf-e2-related factor 2/genetics', 'oxidative stress/drug effects')
31509411	('NFE2L2', 'nf-e2-related factor 2/genetics', 'oxidative stress/drug effects')
32320433	('NFE2L2', 'nf-e2-related factor 2/genetics', 'oxidative stress/drug effects')
30309986	('NFE2L2', 'nf-e2-related factor 2/genetics', 'oxidative stress/drug effects')
22364184	('NFE2L2', 'nf-e2-related factor 2/genetics', 'oxidative stress/drug effects')
24597671	('NFE2L2', 'nf-e2-related factor 2/genetics', 'oxidative stress/drug effects')
31039619	('NFE2L2', 'nf-e2-related factor 2/genetics', 'oxidative stress/drug effects')
24917652	('NFE2L2', 'nf-e2-related factor 2/genetics', 'oxidative stress/drug effects')
25111660	('NFE2L2', 'nf-e2-related factor 2/genetics', 'oxidative stress/drug effects')
33215883	('NFE2L2', 'nf-e2-related factor 2/genetics', 'oxidative stress/drug effects')
29620178	('NFE2L2', 'nf-e2-related factor 2/genetics', 'oxidative stress/drug effects')
33894213	('NFE2L2', 'nf-e2-related factor 2/genetics', 'oxidative stress/drug effects')
26433376	('NFE2L2', 'nf-e2-related factor 2/genetics', 'oxidative stress/drug effects')
30391826	('NFE2L2', 'nf-e2-related factor 2/genetics', 'oxidative stress/drug effects')
33574236	('NFE2L2', 'nf-e2-related factor 2/genetics', 'oxidative stress/drug effects')
23403272	('NFE2L2', 'nf-e2-related factor 2/genetics', 'oxidative stress/drug effects')
27939991	('NFE2L2', 'nf-e2-related factor 2/genetics', 'oxidative stress/drug effects')
29905928	('NFE2L2', 'nf-e2-related factor 2/genetics', 'oxidative stress/drug effects')
26791102	('NFE2L2', 'nf-e2-related factor 2/genetics', 'oxidative stress/drug effects')
25170823	('NFE2L2', 'nf-e2-related factor 2/genetics', 'oxidative stress/drug effects')
32898599	('NFE2L2', 'nf-e2-related factor 2/genetics', 'oxidative stress/drug effects')
32326385	('NFE2L2', 'nf-e2-related factor 2/genetics', 'oxidative stress/drug effects')
32478470	('NFE2L2', 'nf-e2-related factor 2/genetics', 'oxidative stress/drug effects')
23968166	('NFE2L2', 'nf-e2-related factor 2/genetics', 'oxidative stress/drug effects')
30339007	('NFE2L2', 'nf-e2-related factor 2/genetics', 'oxidative stress/drug effects')
28343084	('NFE2L2', 'nf-e2-related factor 2/genetics', 'oxidative stress/drug effects')
27872193	('NFE2L2', 'nf-e2-related factor 2/genetics', 'oxidative stress/drug effects')
27903425	('NFE2L2', 'nf-e2-related factor 2/genetics', 'oxidative stress/drug effects')
28946766	('NFE2L2', 'nf-e2-related factor 2/genetics', 'oxidative stress/drug effects')
29353218	('NFE2L2', 'nf-e2-related factor 2/genetics', 'oxidative stress/drug effects')
26991594	('NFE2L2', 'nf-e2-related factor 2/genetics', 'oxidative stress/drug effects')
22943178	('NFE2L2', 'nf-e2-related factor 2/genetics', 'oxidative stress/drug effects')
28298541	('NFE2L2', 'nf-e2-related factor 2/genetics', 'oxidative stress/drug effects')
26243592	('NFE2L2', 'nf-e2-related factor 2/genetics', 'oxidative stress/drug effects')
18353146	('NFE2L2', 'nf-e2-related factor 2/genetics', 'oxidative stress/drug effects')
29768946	('NFE2L2', 'nf-e2-related factor 2/genetics', 'oxidative stress/drug effects')
28758742	('NFE2L2', 'nf-e2-related factor 2/genetics', 'oxidative stress/drug effects')
33518152	('NFE2L2', 'nf-e2-related factor 2/genetics', 'oxidative stress/drug effects')
20920477	('NFE2L2', 'nf-e2-related factor 2/genetics', 'oxidative stress/drug effects')
28865326	('NFE2L2', 'nf-e2-related factor 2/genetics', 'oxidative stress/drug effects')
32120244	('NFE2L2', 'nf-e2-related factor 2/genetics', 'oxidative stress/drug effects')
27859591	('NFE2L2', 'nf-e2-related factor 2/genetics', 'oxidative stress/drug effects')
34813774	('NFE2L2', 'nf-e2-related factor 2/genetics', 'oxidative stress/drug effects')
22864849	('NFE2L2', 'nf-e2-related factor 2/genetics', 'oxidative stress/drug effects')
30823534	('NFE2L2', 'nf-e2-related factor 2/genetics', 'oxidative stress/drug effects')
30342185	('NFE2L2', 'nf-e2-related factor 2/genetics', 'oxidative stress/drug effects')
24940030	('NFE2L2', 'nf-e2-related factor 2/genetics', 'oxidative stress/drug effects')
32004978	('NFE2L2', 'nf-e2-related factor 2/genetics', 'oxidative stress/drug effects')
28698767	('NFE2L2', 'nf-e2-related factor 2/genetics', 'oxidative stress/drug effects')
29175668	('NFE2L2', 'nf-e2-related factor 2/genetics', 'oxidative stress/drug effects')
27998394	('NFE2L2', 'nf-e2-related factor 2/genetics', 'oxidative stress/drug effects')
23731245	('NFE2L2', 'nf-e2-related factor 2/genetics', 'oxidative stress/drug effects')
30660577	('NFE2L2', 'nf-e2-related factor 2/genetics', 'oxidative stress/drug effects')
26741806	('NFE2L2', 'nf-e2-related factor 2/genetics', 'oxidative stress/drug effects')
29932157	('NFE2L2', 'nf-e2-related factor 2/genetics', 'oxidative stress/drug effects')
25776802	('NFE2L2', 'nf-e2-related factor 2/genetics', 'oxidative stress/drug effects')
26812682	('NFE2L2', 'nf-e2-related factor 2/genetics', 'oxidative stress/drug effects')
31131946	('NFE2L2', 'nf-e2-related factor 2/genetics', 'oxidative stress/drug effects')
33573714	('NFE2L2', 'nf-e2-related factor 2/genetics', 'oxidative stress/drug effects')
34454288	('NFE2L2', 'nf-e2-related factor 2/genetics', 'oxidative stress/drug effects')
23593390	('NFE2L2', 'nf-e2-related factor 2/genetics', 'oxidative stress/drug effects')
26381691	('NFE2L2', 'nf-e2-related factor 2/genetics', 'oxidative stress/drug effects')
28465088	('NFE2L2', 'nf-e2-related factor 2/genetics', 'oxidative stress/drug effects')
33781769	('NFE2L2', 'nf-e2-related factor 2/genetics', 'oxidative stress/drug effects')
28750561	('NFE2L2', 'nf-e2-related factor 2/genetics', 'oxidative stress/drug effects')
32110995	('NFE2L2', 'nf-e2-related factor 2/genetics', 'oxidative stress/drug effects')
24610348	('NFE2L2', 'nf-e2-related factor 2/genetics', 'oxidative stress/drug effects')
33141412	('NFE2L2', 'nf-e2-related factor 2/genetics', 'oxidative stress/drug effects')
28487960	('NFE2L2', 'nf-e2-related factor 2/genetics', 'oxidative stress/drug effects')
28655653	('NFE2L2', 'nf-e2-related factor 2/genetics', 'oxidative stress/drug effects')
31115540	('NFE2L2', 'nf-e2-related factor 2/genetics', 'oxidative stress/drug effects')
32652517	('NFE2L2', 'nf-e2-related factor 2/genetics', 'oxidative stress/drug effects')
33068964	('NFE2L2', 'nf-e2-related factor 2/genetics', 'oxidative stress/drug effects')
31647492	('NFE2L2', 'nf-e2-related factor 2/genetics', 'oxidative stress/drug effects')
32621163	('NFE2L2', 'nf-e2-related factor 2/genetics', 'oxidative stress/drug effects')
30411198	('NFE2L2', 'nf-e2-related factor 2/genetics', 'oxidative stress/drug effects')
28513573	('NFE2L2', 'nf-e2-related factor 2/genetics', 'oxidative stress/drug effects')
31837296	('NFE2L2', 'nf-e2-related factor 2/genetics', 'oxidative stress/drug effects')
33611955	('NFE2L2', 'nf-e2-related factor 2/genetics', 'oxidative stress/drug effects')
23771816	('NFE2L2', 'nf-e2-related factor 2/genetics', 'oxidative stress/drug effects')
33946068	('NFE2L2', 'nf-e2-related factor 2/genetics', 'oxidative stress/drug effects')
30260007	('NFE2L2', 'nf-e2-related factor 2/genetics', 'oxidative stress/drug effects')
28901448	('NFE2L2', 'nf-e2-related factor 2/genetics', 'oxidative stress/drug effects')
29627441	('NFE2L2', 'nf-e2-related factor 2/genetics', 'oxidative stress/drug effects')
28260004	('NFE2L2', 'nf-e2-related factor 2/genetics', 'oxidative stress/drug effects')
27641725	('NFE2L2', 'nf-e2-related factor 2/genetics', 'oxidative stress/drug effects')
26624249	('NFE2L2', 'nf-e2-related factor 2/genetics', 'oxidative stress/drug effects')
31153464	('NFE2L2', 'nf-e2-related factor 2/genetics', 'oxidative stress/drug effects')
33761597	('NFE2L2', 'nf-e2-related factor 2/genetics', 'oxidative stress/drug effects')
31704714	('NFE2L2', 'nf-e2-related factor 2/genetics', 'oxidative stress/drug effects')
27094155	('NFE2L2', 'nf-e2-related factor 2/genetics', 'oxidative stress/drug effects')
27012214	('NFE2L2', 'nf-e2-related factor 2/genetics', 'oxidative stress/drug effects')
33476627	('NFE2L2', 'nf-e2-related factor 2/genetics', 'oxidative stress/drug effects')
28230744	('NFE2L2', 'nf-e2-related factor 2/genetics', 'oxidative stress/drug effects')
31728743	('NFE2L2', 'nf-e2-related factor 2/genetics', 'oxidative stress/drug effects')
31091348	('NFE2L2', 'nf-e2-related factor 2/genetics', 'oxidative stress/drug effects')
23756138	('NFE2L2', 'nf-e2-related factor 2/genetics', 'oxidative stress/drug effects')
23592516	('NFE2L2', 'nf-e2-related factor 2/genetics', 'oxidative stress/drug effects')
26049013	('NFE2L2', 'nf-e2-related factor 2/genetics', 'oxidative stress/drug effects')
28560453	('NFE2L2', 'nf-e2-related factor 2/genetics', 'oxidative stress/drug effects')
28992629	('NFE2L2', 'nf-e2-related factor 2/genetics', 'oxidative stress/drug effects')
30544760	('NFE2L2', 'nf-e2-related factor 2/genetics', 'oxidative stress/drug effects')
25274607	('NFE2L2', 'nf-e2-related factor 2/genetics', 'oxidative stress/drug effects')
29495397	('NFE2L2', 'nf-e2-related factor 2/genetics', 'oxidative stress/drug effects')
34226415	('NFE2L2', 'nf-e2-related factor 2/genetics', 'oxidative stress/drug effects')
34740211	('NFE2L2', 'nf-e2-related factor 2/genetics', 'oxidative stress/drug effects')
24895528	('NFE2L2', 'nf-e2-related factor 2/genetics', 'oxidative stress/drug effects')
24865672	('NFE2L2', 'nf-e2-related factor 2/genetics', 'oxidative stress/drug effects')
28314773	('NFE2L2', 'nf-e2-related factor 2/genetics', 'oxidative stress/drug effects')
30584276	('NFE2L2', 'nf-e2-related factor 2/genetics', 'oxidative stress/drug effects')
30940595	('NFE2L2', 'nf-e2-related factor 2/genetics', 'oxidative stress/drug effects')
30429414	('NFE2L2', 'nf-e2-related factor 2/genetics', 'oxidative stress/drug effects')
33398418	('NFE2L2', 'nf-e2-related factor 2/genetics', 'oxidative stress/drug effects')
31989645	('NFE2L2', 'nf-e2-related factor 2/genetics', 'oxidative stress/drug effects')
26305715	('NFE2L2', 'nf-e2-related factor 2/genetics', 'oxidative stress/drug effects')
28106292	('NFE2L2', 'nf-e2-related factor 2/genetics', 'oxidative stress/drug effects')
30015918	('NFE2L2', 'nf-e2-related factor 2/genetics', 'oxidative stress/drug effects')
30129150	('NFE2L2', 'nf-e2-related factor 2/genetics', 'oxidative stress/drug effects')
31210338	('NFE2L2', 'nf-e2-related factor 2/genetics', 'oxidative stress/drug effects')
31506103	('NFE2L2', 'nf-e2-related factor 2/genetics', 'oxidative stress/drug effects')
29964319	('NFE2L2', 'nf-e2-related factor 2/genetics', 'oxidative stress/drug effects')
23525690	('NFE2L2', 'nf-e2-related factor 2/genetics', 'oxidative stress/drug effects')
26592091	('NFE2L2', 'nf-e2-related factor 2/genetics', 'oxidative stress/drug effects')
29382536	('NFE2L2', 'nf-e2-related factor 2/genetics', 'oxidative stress/drug effects')
29518435	('NFE2L2', 'nf-e2-related factor 2/genetics', 'oxidative stress/drug effects')
27609226	('NFE2L2', 'nf-e2-related factor 2/genetics', 'oxidative stress/drug effects')
34197898	('NFE2L2', 'nf-e2-related factor 2/genetics', 'oxidative stress/drug effects')
24667526	('NFE2L2', 'nf-e2-related factor 2/genetics', 'oxidative stress/drug effects')
24121007	('NFE2L2', 'nf-e2-related factor 2/genetics', 'oxidative stress/drug effects')
29794447	('NFE2L2', 'nf-e2-related factor 2/genetics', 'oxidative stress/drug effects')
28339044	('NFE2L2', 'nf-e2-related factor 2/genetics', 'oxidative stress/drug effects')
30235447	('NFE2L2', 'nf-e2-related factor 2/genetics', 'oxidative stress/drug effects')
26079183	('NFE2L2', 'nf-e2-related factor 2/genetics', 'oxidative stress/drug effects')
31804189	('NFE2L2', 'nf-e2-related factor 2/genetics', 'oxidative stress/drug effects')
24781038	('NFE2L2', 'nf-e2-related factor 2/genetics', 'oxidative stress/drug effects')
32239469	('NFE2L2', 'nf-e2-related factor 2/genetics', 'oxidative stress/drug effects')
24415531	('NFE2L2', 'nf-e2-related factor 2/genetics', 'oxidative stress/drug effects')
25189124	('NFE2L2', 'nf-e2-related factor 2/genetics', 'oxidative stress/drug effects')
26593436	('NFE2L2', 'nf-e2-related factor 2/genetics', 'oxidative stress/drug effects')
31336817	('NFE2L2', 'nf-e2-related factor 2/genetics', 'oxidative stress/drug effects')
30575053	('NFE2L2', 'nf-e2-related factor 2/genetics', 'oxidative stress/drug effects')
28628905	('NFE2L2', 'nf-e2-related factor 2/genetics', 'oxidative stress/drug effects')
25529839	('NFE2L2', 'nf-e2-related factor 2/genetics', 'oxidative stress/drug effects')
28105249	('NFE2L2', 'nf-e2-related factor 2/genetics', 'oxidative stress/drug effects')
32762376	('NFE2L2', 'nf-e2-related factor 2/genetics', 'oxidative stress/drug effects')
31429458	('NFE2L2', 'nf-e2-related factor 2/genetics', 'oxidative stress/drug effects')
26769836	('NFE2L2', 'nf-e2-related factor 2/genetics', 'oxidative stress/drug effects')
24046186	('NFE2L2', 'nf-e2-related factor 2/genetics', 'oxidative stress/drug effects')
32813603	('NFE2L2', 'nf-e2-related factor 2/genetics', 'oxidative stress/drug effects')
29410668	('NFE2L2', 'nf-e2-related factor 2/genetics', 'oxidative stress/drug effects')
18721845	('NFE2L2', 'nf-e2-related factor 2/genetics', 'oxidative stress/drug effects')
25385104	('NFE2L2', 'nf-e2-related factor 2/genetics', 'oxidative stress/drug effects')
29694408	('NFE2L2', 'nf-e2-related factor 2/genetics', 'oxidative stress/drug effects')
31827706	('NFE2L2', 'nf-e2-related factor 2/genetics', 'oxidative stress/drug effects')
32063256	('NFE2L2', 'nf-e2-related factor 2/genetics', 'oxidative stress/drug effects')
28089584	('NFE2L2', 'nf-e2-related factor 2/genetics', 'oxidative stress/drug effects')
35163177	('NFE2L2', 'nf-e2-related factor 2/genetics', 'oxidative stress/drug effects')
34400143	('NFE2L2', 'nf-e2-related factor 2/genetics', 'oxidative stress/drug effects')
31556307	('NFE2L2', 'nf-e2-related factor 2/genetics', 'oxidative stress/drug effects')
30547464	('NFE2L2', 'nf-e2-related factor 2/genetics', 'oxidative stress/drug effects')
20223225	('NFE2L2', 'nf-e2-related factor 2/genetics', 'oxidative stress/drug effects')
26597533	('NFE2L2', 'nf-e2-related factor 2/genetics', 'oxidative stress/drug effects')
31194955	('NFE2L2', 'nf-e2-related factor 2/genetics', 'oxidative stress/drug effects')
29264825	('NFE2L2', 'nf-e2-related factor 2/genetics', 'oxidative stress/drug effects')
22836768	('NFE2L2', 'nf-e2-related factor 2/genetics', 'oxidative stress/drug effects')
34695510	('NFE2L2', 'nf-e2-related factor 2/genetics', 'oxidative stress/drug effects')
29241092	('NFE2L2', 'nf-e2-related factor 2/genetics', 'oxidative stress/drug effects')
31072046	('NFE2L2', 'nf-e2-related factor 2/genetics', 'oxidative stress/drug effects')
31505326	('NFE2L2', 'nf-e2-related factor 2/genetics', 'oxidative stress/drug effects')
24417315	('NFE2L2', 'nf-e2-related factor 2/genetics', 'oxidative stress/drug effects')
30578379	('NFE2L2', 'nf-e2-related factor 2/genetics', 'oxidative stress/drug effects')
24412273	('NFE2L2', 'nf-e2-related factor 2/genetics', 'oxidative stress/drug effects')
27209361	('NFE2L2', 'nf-e2-related factor 2/genetics', 'oxidative stress/drug effects')
23570914	('NFE2L2', 'nf-e2-related factor 2/genetics', 'oxidative stress/drug effects')
22528837	('NFE2L2', 'nf-e2-related factor 2/genetics', 'oxidative stress/drug effects')
21804205	('NFE2L2', 'nf-e2-related factor 2/genetics', 'oxidative stress/drug effects')
16731156	('cells cultured', 'fibroblasts/cytology', 'imidazoles/pharmacology')
8416921	('cells cultured', 'fibroblasts/cytology', 'imidazoles/pharmacology')
9302648	('cells cultured', 'fibroblasts/cytology', 'imidazoles/pharmacology')
12754187	('cells cultured', 'fibroblasts/cytology', 'imidazoles/pharmacology')
24336063	('cells cultured', 'fibroblasts/cytology', 'imidazoles/pharmacology')
15068958	('cells cultured', 'fibroblasts/cytology', 'imidazoles/pharmacology')
11796002	('cells cultured', 'fibroblasts/cytology', 'imidazoles/pharmacology')
24398984	('cells cultured', 'fibroblasts/cytology', 'imidazoles/pharmacology')
25198914	('cells cultured', 'fibroblasts/cytology', 'imidazoles/pharmacology')
18670360	('cells cultured', 'fibroblasts/cytology', 'imidazoles/pharmacology')
21925118	('cells cultured', 'fibroblasts/cytology', 'imidazoles/pharmacology')
11404469	('cells cultured', 'fibroblasts/cytology', 'imidazoles/pharmacology')
21599632	('cells cultured', 'fibroblasts/cytology', 'imidazoles/pharmacology')
18521083	('cells cultured', 'fibroblasts/cytology', 'imidazoles/pharmacology')
3571330	('cells cultured', 'fibroblasts/cytology', 'imidazoles/pharmacology')
17088405	('cells cultured', 'fibroblasts/cytology', 'imidazoles/pharmacology')
26825752	('cells cultured', 'fibroblasts/cytology', 'imidazoles/pharmacology')
10848581	('cells cultured', 'fibroblasts/cytology', 'imidazoles/pharmacology')
15528845	('cells cultured', 'fibroblasts/cytology', 'imidazoles/pharmacology')
25872738	('cells cultured', 'fibroblasts/cytology', 'imidazoles/pharmacology')
16298339	('cells cultured', 'fibroblasts/cytology', 'imidazoles/pharmacology')
1375541	('cells cultured', 'fibroblasts/cytology', 'imidazoles/pharmacology')
11352631	('cells cultured', 'fibroblasts/cytology', 'imidazoles/pharmacology')
16476037	('cells cultured', 'fibroblasts/cytology', 'imidazoles/pharmacology')
16380538	('cells cultured', 'fibroblasts/cytology', 'imidazoles/pharmacology')
11319756	('cells cultured', 'fibroblasts/cytology', 'imidazoles/pharmacology')
3164562	('cells cultured', 'fibroblasts/cytology', 'imidazoles/pharmacology')
23727581	('cells cultured', 'fibroblasts/cytology', 'imidazoles/pharmacology')
30024290	('cells cultured', 'fibroblasts/cytology', 'imidazoles/pharmacology')
15930094	('cells cultured', 'fibroblasts/cytology', 'imidazoles/pharmacology')
22019504	('cells cultured', 'fibroblasts/cytology', 'imidazoles/pharmacology')
15525692	('cells cultured', 'fibroblasts/cytology', 'imidazoles/pharmacology')
30271117	('cells cultured', 'fibroblasts/cytology', 'imidazoles/pharmacology')
16115031	('cells cultured', 'fibroblasts/cytology', 'imidazoles/pharmacology')
20432929	('cells cultured', 'fibroblasts/cytology', 'imidazoles/pharmacology')
16251047	('cells cultured', 'fibroblasts/cytology', 'imidazoles/pharmacology')
11912056	('cells cultured', 'fibroblasts/cytology', 'imidazoles/pharmacology')
8307371	('cells cultured', 'fibroblasts/cytology', 'imidazoles/pharmacology')
17706637	('cells cultured', 'fibroblasts/cytology', 'imidazoles/pharmacology')
19633291	('cells cultured', 'fibroblasts/cytology', 'imidazoles/pharmacology')
32313135	('cells cultured', 'fibroblasts/cytology', 'imidazoles/pharmacology')
26502054	('cells cultured', 'fibroblasts/cytology', 'imidazoles/pharmacology')
32764823	('cells cultured', 'fibroblasts/cytology', 'imidazoles/pharmacology')
21416292	('cells cultured', 'fibroblasts/cytology', 'imidazoles/pharmacology')
3383784	('cells cultured', 'fibroblasts/cytology', 'imidazoles/pharmacology')
12730239	('cells cultured', 'fibroblasts/cytology', 'imidazoles/pharmacology')
30025094	('cells cultured', 'fibroblasts/cytology', 'imidazoles/pharmacology')
18381429	('cells cultured', 'fibroblasts/cytology', 'imidazoles/pharmacology')
2316639	('cells cultured', 'fibroblasts/cytology', 'imidazoles/pharmacology')
11881110	('cells cultured', 'fibroblasts/cytology', 'imidazoles/pharmacology')
19261744	('cells cultured', 'fibroblasts/cytology', 'imidazoles/pharmacology')
20684278	('cells cultured', 'fibroblasts/cytology', 'imidazoles/pharmacology')
21127293	('cells cultured', 'fibroblasts/cytology', 'imidazoles/pharmacology')
12080469	('cells cultured', 'fibroblasts/cytology', 'imidazoles/pharmacology')
22252391	('cells cultured', 'fibroblasts/cytology', 'imidazoles/pharmacology')
15117841	('cells cultured', 'fibroblasts/cytology', 'imidazoles/pharmacology')
16766159	('cells cultured', 'fibroblasts/cytology', 'imidazoles/pharmacology')
21524829	('cells cultured', 'fibroblasts/cytology', 'imidazoles/pharmacology')
14741686	('cells cultured', 'fibroblasts/cytology', 'imidazoles/pharmacology')
12581156	('cells cultured', 'fibroblasts/cytology', 'imidazoles/pharmacology')
23918924	('cells cultured', 'fibroblasts/cytology', 'imidazoles/pharmacology')
15210577	('cells cultured', 'fibroblasts/cytology', 'imidazoles/pharmacology')
16112405	('cells cultured', 'fibroblasts/cytology', 'imidazoles/pharmacology')
10792035	('cells cultured', 'fibroblasts/cytology', 'imidazoles/pharmacology')
29402901	('cells cultured', 'fibroblasts/cytology', 'imidazoles/pharmacology')
24069867	('cells cultured', 'fibroblasts/cytology', 'imidazoles/pharmacology')
2981518	('cells cultured', 'fibroblasts/cytology', 'imidazoles/pharmacology')
2400632	('cells cultured', 'fibroblasts/cytology', 'imidazoles/pharmacology')
8746952	('cells cultured', 'fibroblasts/cytology', 'imidazoles/pharmacology')
8860238	('cells cultured', 'fibroblasts/cytology', 'imidazoles/pharmacology')
11087232	('cells cultured', 'fibroblasts/cytology', 'imidazoles/pharmacology')
11960370	('cells cultured', 'fibroblasts/cytology', 'imidazoles/pharmacology')
22184331	('cells cultured', 'fibroblasts/cytology', 'imidazoles/pharmacology')
21447859	('cells cultured', 'fibroblasts/cytology', 'imidazoles/pharmacology')
17334779	('cells cultured', 'fibroblasts/cytology', 'imidazoles/pharmacology')
21545824	('cells cultured', 'fibroblasts/cytology', 'imidazoles/pharmacology')
10417395	('cells cultured', 'fibroblasts/cytology', 'imidazoles/pharmacology')
17652167	('cells cultured', 'fibroblasts/cytology', 'imidazoles/pharmacology')
18192325	('cells cultured', 'fibroblasts/cytology', 'imidazoles/pharmacology')
11279232	('cells cultured', 'fibroblasts/cytology', 'imidazoles/pharmacology')
23839108	('cells cultured', 'fibroblasts/cytology', 'imidazoles/pharmacology')
15700548	('cells cultured', 'fibroblasts/cytology', 'imidazoles/pharmacology')
10642310	('cells cultured', 'fibroblasts/cytology', 'imidazoles/pharmacology')
25766526	('cells cultured', 'fibroblasts/cytology', 'imidazoles/pharmacology')
2981176	('cells cultured', 'fibroblasts/cytology', 'imidazoles/pharmacology')
21366703	('cells cultured', 'fibroblasts/cytology', 'imidazoles/pharmacology')
23387072	('cells cultured', 'fibroblasts/cytology', 'imidazoles/pharmacology')
11139476	('cells cultured', 'fibroblasts/cytology', 'imidazoles/pharmacology')
34740282	('cells cultured', 'fibroblasts/cytology', 'imidazoles/pharmacology')
26646714	('cells cultured', 'fibroblasts/cytology', 'imidazoles/pharmacology')
16410403	('cells cultured', 'fibroblasts/cytology', 'imidazoles/pharmacology')
17163490	('cells cultured', 'fibroblasts/cytology', 'imidazoles/pharmacology')
26950484	('cells cultured', 'fibroblasts/cytology', 'imidazoles/pharmacology')
25839158	('cells cultured', 'fibroblasts/cytology', 'imidazoles/pharmacology')
17996028	('cells cultured', 'fibroblasts/cytology', 'imidazoles/pharmacology')
8473882	('cells cultured', 'fibroblasts/cytology', 'imidazoles/pharmacology')
23558031	('cells cultured', 'fibroblasts/cytology', 'imidazoles/pharmacology')
11063355	('cells cultured', 'fibroblasts/cytology', 'imidazoles/pharmacology')
16480631	('cells cultured', 'fibroblasts/cytology', 'imidazoles/pharmacology')
28715128	('cells cultured', 'fibroblasts/cytology', 'imidazoles/pharmacology')
11707575	('cells cultured', 'fibroblasts/cytology', 'imidazoles/pharmacology')
18199973	('cells cultured', 'fibroblasts/cytology', 'imidazoles/pharmacology')
31385893	('cells cultured', 'fibroblasts/cytology', 'imidazoles/pharmacology')
9923649	('cells cultured', 'fibroblasts/cytology', 'imidazoles/pharmacology')
23076989	('cells cultured', 'fibroblasts/cytology', 'imidazoles/pharmacology')
22112840	('cells cultured', 'fibroblasts/cytology', 'imidazoles/pharmacology')
15756683	('cells cultured', 'fibroblasts/cytology', 'imidazoles/pharmacology')
15109982	('cells cultured', 'fibroblasts/cytology', 'imidazoles/pharmacology')
25936991	('cells cultured', 'fibroblasts/cytology', 'imidazoles/pharmacology')
10444344	('cells cultured', 'fibroblasts/cytology', 'imidazoles/pharmacology')
29194611	('cells cultured', 'fibroblasts/cytology', 'imidazoles/pharmacology')
30518946	('cells cultured', 'fibroblasts/cytology', 'imidazoles/pharmacology')
6170925	('cells cultured', 'fibroblasts/cytology', 'imidazoles/pharmacology')
17346673	('cells cultured', 'fibroblasts/cytology', 'imidazoles/pharmacology')
19597528	('cells cultured', 'fibroblasts/cytology', 'imidazoles/pharmacology')
7980612	('cells cultured', 'fibroblasts/cytology', 'imidazoles/pharmacology')
14699442	('cells cultured', 'fibroblasts/cytology', 'imidazoles/pharmacology')
20655294	('cells cultured', 'fibroblasts/cytology', 'imidazoles/pharmacology')
20668453	('cells cultured', 'fibroblasts/cytology', 'imidazoles/pharmacology')
18516096	('cells cultured', 'fibroblasts/cytology', 'imidazoles/pharmacology')
16024610	('cells cultured', 'fibroblasts/cytology', 'imidazoles/pharmacology')
10889138	('cells cultured', 'fibroblasts/cytology', 'imidazoles/pharmacology')
19520015	('cells cultured', 'fibroblasts/cytology', 'imidazoles/pharmacology')
18193089	('cells cultured', 'fibroblasts/cytology', 'imidazoles/pharmacology')
16220783	('cells cultured', 'fibroblasts/cytology', 'imidazoles/pharmacology')
22948216	('cells cultured', 'fibroblasts/cytology', 'imidazoles/pharmacology')
9407495	('cells cultured', 'fibroblasts/cytology', 'imidazoles/pharmacology')
11754638	('cells cultured', 'fibroblasts/cytology', 'imidazoles/pharmacology')
11453667	('cells cultured', 'fibroblasts/cytology', 'imidazoles/pharmacology')
8741007	('cells cultured', 'fibroblasts/cytology', 'imidazoles/pharmacology')
276640	('cells cultured', 'fibroblasts/cytology', 'imidazoles/pharmacology')
11087260	('cells cultured', 'fibroblasts/cytology', 'imidazoles/pharmacology')
10887337	('cells cultured', 'fibroblasts/cytology', 'imidazoles/pharmacology')
15974530	('cells cultured', 'fibroblasts/cytology', 'imidazoles/pharmacology')
1150286	('cells cultured', 'fibroblasts/cytology', 'imidazoles/pharmacology')
25842853	('cells cultured', 'fibroblasts/cytology', 'imidazoles/pharmacology')
21402702	('cells cultured', 'fibroblasts/cytology', 'imidazoles/pharmacology')
10639140	('cells cultured', 'fibroblasts/cytology', 'imidazoles/pharmacology')
17651610	('cells cultured', 'fibroblasts/cytology', 'imidazoles/pharmacology')
12444545	('cells cultured', 'fibroblasts/cytology', 'imidazoles/pharmacology')
18636244	('cells cultured', 'fibroblasts/cytology', 'imidazoles/pharmacology')
31165745	('cells cultured', 'fibroblasts/cytology', 'imidazoles/pharmacology')
12115884	('cells cultured', 'fibroblasts/cytology', 'imidazoles/pharmacology')
16952405	('cells cultured', 'fibroblasts/cytology', 'imidazoles/pharmacology')
12480812	('cells cultured', 'fibroblasts/cytology', 'imidazoles/pharmacology')
27901001	('cells cultured', 'fibroblasts/cytology', 'imidazoles/pharmacology')
21997900	('cells cultured', 'fibroblasts/cytology', 'imidazoles/pharmacology')
19443277	('cells cultured', 'fibroblasts/cytology', 'imidazoles/pharmacology')
12517926	('cells cultured', 'fibroblasts/cytology', 'imidazoles/pharmacology')
12198653	('cells cultured', 'fibroblasts/cytology', 'imidazoles/pharmacology')
11807808	('cells cultured', 'fibroblasts/cytology', 'imidazoles/pharmacology')
22847439	('cells cultured', 'fibroblasts/cytology', 'imidazoles/pharmacology')
29855543	('cells cultured', 'fibroblasts/cytology', 'imidazoles/pharmacology')
24130728	('cells cultured', 'fibroblasts/cytology', 'imidazoles/pharmacology')
30268890	('cells cultured', 'fibroblasts/cytology', 'imidazoles/pharmacology')
8894140	('cells cultured', 'fibroblasts/cytology', 'imidazoles/pharmacology')
12661767	('cells cultured', 'fibroblasts/cytology', 'imidazoles/pharmacology')
22020089	('cells cultured', 'fibroblasts/cytology', 'imidazoles/pharmacology')
22989521	('cells cultured', 'fibroblasts/cytology', 'imidazoles/pharmacology')
23899616	('cells cultured', 'fibroblasts/cytology', 'imidazoles/pharmacology')
11710921	('cells cultured', 'fibroblasts/cytology', 'imidazoles/pharmacology')
16959273	('cells cultured', 'fibroblasts/cytology', 'imidazoles/pharmacology')
24685678	('cells cultured', 'fibroblasts/cytology', 'imidazoles/pharmacology')
11724747	('cells cultured', 'fibroblasts/cytology', 'imidazoles/pharmacology')
1951630	('cells cultured', 'fibroblasts/cytology', 'imidazoles/pharmacology')
25144187	('cells cultured', 'fibroblasts/cytology', 'imidazoles/pharmacology')
7735686	('cells cultured', 'fibroblasts/cytology', 'imidazoles/pharmacology')
26795953	('cells cultured', 'fibroblasts/cytology', 'imidazoles/pharmacology')
21732354	('cells cultured', 'fibroblasts/cytology', 'imidazoles/pharmacology')
12460740	('cells cultured', 'fibroblasts/cytology', 'imidazoles/pharmacology')
11278727	('cells cultured', 'fibroblasts/cytology', 'imidazoles/pharmacology')
22688014	('cells cultured', 'fibroblasts/cytology', 'imidazoles/pharmacology')
31292059	('cells cultured', 'fibroblasts/cytology', 'imidazoles/pharmacology')
2981602	('cells cultured', 'fibroblasts/cytology', 'imidazoles/pharmacology')
21566292	('cells cultured', 'fibroblasts/cytology', 'imidazoles/pharmacology')
17372681	('cells cultured', 'fibroblasts/cytology', 'imidazoles/pharmacology')
16332237	('cells cultured', 'fibroblasts/cytology', 'imidazoles/pharmacology')
24706573	('cells cultured', 'fibroblasts/cytology', 'imidazoles/pharmacology')
